state,id,year,deaths,pop,rate
Alabama,01,1999,60,4430141,1.4
Alabama,01,2000,61,4447100,1.4
Alabama,01,2001,89,4467634,2
Alabama,01,2002,101,4480089,2.3
Alabama,01,2003,73,4503491,1.6
Alabama,01,2004,125,4530729,2.8
Alabama,01,2005,113,4569805,2.5
Alabama,01,2006,177,4628981,3.8
Alabama,01,2007,196,4672840,4.2
Alabama,01,2008,232,4718206,4.9
Alabama,01,2009,236,4757938,5
Alabama,01,2010,219,4779736,4.6
Alabama,01,2011,202,4802740,4.2
Alabama,01,2012,186,4822023,3.9
Alabama,01,2013,197,4833722,4.1
Alabama,01,2014,302,4849377,6.2
Alabama,01,2015,314,4858979,6.5
Alabama,01,2016,392,4863300,8.1
Alabama,01,2017,496,4874747,10.2
Alaska,02,1999,35,624779,5.6
Alaska,02,2000,34,626932,5.4
Alaska,02,2001,22,633714,3.5
Alaska,02,2002,13,642337,2.02
Alaska,02,2003,24,648414,3.7
Alaska,02,2004,13,659286,1.97
Alaska,02,2005,27,666946,4
Alaska,02,2006,36,675302,5.3
Alaska,02,2007,24,680300,3.5
Alaska,02,2008,106,687455,15.4
Alaska,02,2009,107,698895,15.3
Alaska,02,2010,81,710231,11.4
Alaska,02,2011,80,722718,11.1
Alaska,02,2012,95,731449,13
Alaska,02,2013,71,735132,9.7
Alaska,02,2014,87,736732,11.8
Alaska,02,2015,100,738432,13.5
Alaska,02,2016,106,741894,14.3
Alaska,02,2017,117,739795,15.8
Arizona,04,1999,327,5023823,6.5
Arizona,04,2000,320,5130632,6.2
Arizona,04,2001,351,5273477,6.7
Arizona,04,2002,412,5396255,7.6
Arizona,04,2003,427,5510364,7.7
Arizona,04,2004,416,5652404,7.4
Arizona,04,2005,476,5839077,8.2
Arizona,04,2006,585,6029141,9.7
Arizona,04,2007,577,6167681,9.4
Arizona,04,2008,557,6280362,8.9
Arizona,04,2009,679,6343154,10.7
Arizona,04,2010,693,6392017,10.8
Arizona,04,2011,634,6482505,9.8
Arizona,04,2012,598,6553255,9.1
Arizona,04,2013,585,6626624,8.8
Arizona,04,2014,657,6731484,9.8
Arizona,04,2015,737,6828065,10.8
Arizona,04,2016,850,6931071,12.3
Arizona,04,2017,1035,7016270,14.8
Arkansas,05,1999,37,2651860,1.4
Arkansas,05,2000,34,2673400,1.3
Arkansas,05,2001,41,2691571,1.5
Arkansas,05,2002,114,2705927,4.2
Arkansas,05,2003,117,2724816,4.3
Arkansas,05,2004,155,2749686,5.6
Arkansas,05,2005,158,2781097,5.7
Arkansas,05,2006,180,2821761,6.4
Arkansas,05,2007,179,2848650,6.3
Arkansas,05,2008,230,2874554,8
Arkansas,05,2009,241,2896843,8.3
Arkansas,05,2010,208,2915918,7.1
Arkansas,05,2011,181,2937979,6.2
Arkansas,05,2012,193,2949131,6.5
Arkansas,05,2013,186,2959373,6.3
Arkansas,05,2014,188,2966369,6.3
Arkansas,05,2015,220,2978204,7.4
Arkansas,05,2016,182,2988248,6.1
Arkansas,05,2017,214,3004279,7.1
California,06,1999,1836,33499204,5.5
California,06,2000,1305,33871648,3.9
California,06,2001,770,34479458,2.2
California,06,2002,1904,34871843,5.5
California,06,2003,1892,35253159,5.4
California,06,2004,1854,35574576,5.2
California,06,2005,1857,35827943,5.2
California,06,2006,2011,36021202,5.6
California,06,2007,2154,36250311,5.9
California,06,2008,2154,36604337,5.9
California,06,2009,2371,36961229,6.4
California,06,2010,2256,37253956,6.1
California,06,2011,2241,37691912,5.9
California,06,2012,2033,38041430,5.3
California,06,2013,2284,38332521,6
California,06,2014,2380,38802500,6.1
California,06,2015,2365,39144818,6
California,06,2016,2415,39250017,6.2
California,06,2017,2624,39536653,6.6
Colorado,08,1999,247,4226018,5.8
Colorado,08,2000,249,4301261,5.8
Colorado,08,2001,274,4425687,6.2
Colorado,08,2002,292,4490406,6.5
Colorado,08,2003,319,4528732,7
Colorado,08,2004,328,4575013,7.2
Colorado,08,2005,410,4631888,8.9
Colorado,08,2006,445,4720423,9.4
Colorado,08,2007,463,4803868,9.6
Colorado,08,2008,438,4889730,9
Colorado,08,2009,468,4972195,9.4
Colorado,08,2010,373,5029196,7.4
Colorado,08,2011,471,5116796,9.2
Colorado,08,2012,448,5187582,8.6
Colorado,08,2013,473,5268367,9
Colorado,08,2014,572,5355866,10.7
Colorado,08,2015,551,5456574,10.1
Colorado,08,2016,620,5540545,11.2
Colorado,08,2017,657,5607154,11.7
Connecticut,09,1999,197,3386401,5.8
Connecticut,09,2000,207,3405565,6.1
Connecticut,09,2001,187,3432835,5.4
Connecticut,09,2002,208,3458749,6
Connecticut,09,2003,201,3484336,5.8
Connecticut,09,2004,229,3496094,6.6
Connecticut,09,2005,218,3506956,6.2
Connecticut,09,2006,296,3517460,8.4
Connecticut,09,2007,294,3527270,8.3
Connecticut,09,2008,267,3545579,7.5
Connecticut,09,2009,257,3561807,7.2
Connecticut,09,2010,256,3574097,7.2
Connecticut,09,2011,258,3580709,7.2
Connecticut,09,2012,240,3590347,6.7
Connecticut,09,2013,489,3596080,13.6
Connecticut,09,2014,558,3596677,15.5
Connecticut,09,2015,734,3590886,20.4
Connecticut,09,2016,912,3576452,25.5
Connecticut,09,2017,1011,3588184,28.2
Delaware,10,1999,36,774990,4.6
Delaware,10,2000,41,783600,5.2
Delaware,10,2001,50,795699,6.3
Delaware,10,2002,66,806169,8.2
Delaware,10,2003,52,818003,6.4
Delaware,10,2004,51,830803,6.1
Delaware,10,2005,38,845150,4.5
Delaware,10,2006,51,859268,5.9
Delaware,10,2007,59,871749,6.8
Delaware,10,2008,71,883874,8
Delaware,10,2009,105,891730,11.8
Delaware,10,2010,126,897934,14
Delaware,10,2011,118,907135,13
Delaware,10,2012,93,917092,10.1
Delaware,10,2013,121,925749,13.1
Delaware,10,2014,132,935614,14.1
Delaware,10,2015,146,945934,15.4
Delaware,10,2016,177,952065,18.6
Delaware,10,2017,283,961939,29.4
District of Columbia,11,1999,45,570213,7.9
District of Columbia,11,2000,72,572059,12.6
District of Columbia,11,2001,90,574504,15.7
District of Columbia,11,2002,56,573158,9.8
District of Columbia,11,2003,95,568502,16.7
District of Columbia,11,2004,77,567754,13.6
District of Columbia,11,2005,67,567136,11.8
District of Columbia,11,2006,104,570681,18.2
District of Columbia,11,2007,51,574404,8.9
District of Columbia,11,2008,59,580236,10.2
District of Columbia,11,2009,21,592228,3.5
District of Columbia,11,2010,66,601723,11
District of Columbia,11,2011,79,617996,12.8
District of Columbia,11,2012,61,632323,9.6
District of Columbia,11,2013,81,646449,12.5
District of Columbia,11,2014,82,658893,12.4
District of Columbia,11,2015,118,672228,17.6
District of Columbia,11,2016,247,681170,36.3
District of Columbia,11,2017,289,693972,41.6
Florida,12,1999,568,15759421,3.6
Florida,12,2000,716,15982378,4.5
Florida,12,2001,1103,16356966,6.7
Florida,12,2002,1229,16689370,7.4
Florida,12,2003,1398,17004085,8.2
Florida,12,2004,1589,17415318,9.1
Florida,12,2005,1587,17842038,8.9
Florida,12,2006,1752,18166990,9.6
Florida,12,2007,1910,18367842,10.4
Florida,12,2008,1779,18527305,9.6
Florida,12,2009,1872,18652644,10
Florida,12,2010,1926,18801310,10.2
Florida,12,2011,1863,19057542,9.8
Florida,12,2012,1588,19317568,8.2
Florida,12,2013,1546,19552860,7.9
Florida,12,2014,1679,19893297,8.4
Florida,12,2015,2141,20271272,10.6
Florida,12,2016,3250,20612439,15.8
Florida,12,2017,3811,20984400,18.2
Georgia,13,1999,145,8045965,1.8
Georgia,13,2000,227,8186453,2.8
Georgia,13,2001,299,8377038,3.6
Georgia,13,2002,316,8508256,3.7
Georgia,13,2003,353,8622793,4.1
Georgia,13,2004,400,8769252,4.6
Georgia,13,2005,458,8925922,5.1
Georgia,13,2006,501,9155813,5.5
Georgia,13,2007,546,9349988,5.8
Georgia,13,2008,523,9504843,5.5
Georgia,13,2009,606,9620846,6.3
Georgia,13,2010,640,9687653,6.6
Georgia,13,2011,630,9815210,6.4
Georgia,13,2012,632,9919945,6.4
Georgia,13,2013,619,9992167,6.2
Georgia,13,2014,803,10097343,8
Georgia,13,2015,961,10214860,9.4
Georgia,13,2016,1065,10310371,10.3
Georgia,13,2017,1180,10429379,11.3
Hawaii,15,1999,44,1210300,3.6
Hawaii,15,2000,37,1211537,3.1
Hawaii,15,2001,44,1225948,3.6
Hawaii,15,2002,52,1239613,4.2
Hawaii,15,2003,54,1251154,4.3
Hawaii,15,2004,71,1273569,5.6
Hawaii,15,2005,79,1292729,6.1
Hawaii,15,2006,73,1309731,5.6
Hawaii,15,2007,90,1315675,6.8
Hawaii,15,2008,63,1332213,4.7
Hawaii,15,2009,68,1346717,5
Hawaii,15,2010,83,1360301,6.1
Hawaii,15,2011,84,1374810,6.1
Hawaii,15,2012,67,1392313,4.8
Hawaii,15,2013,74,1404054,5.3
Hawaii,15,2014,65,1419561,4.6
Hawaii,15,2015,70,1431603,4.9
Hawaii,15,2016,88,1428557,6.2
Hawaii,15,2017,63,1427538,4.4
Idaho,16,1999,33,1275674,2.6
Idaho,16,2000,34,1293953,2.6
Idaho,16,2001,55,1319962,4.2
Idaho,16,2002,46,1340372,3.4
Idaho,16,2003,58,1363380,4.3
Idaho,16,2004,48,1391802,3.4
Idaho,16,2005,53,1428241,3.7
Idaho,16,2006,71,1468669,4.8
Idaho,16,2007,65,1505105,4.3
Idaho,16,2008,76,1534320,5
Idaho,16,2009,66,1554439,4.2
Idaho,16,2010,81,1567582,5.2
Idaho,16,2011,81,1584985,5.1
Idaho,16,2012,63,1595728,3.9
Idaho,16,2013,81,1612136,5
Idaho,16,2014,81,1634464,5
Idaho,16,2015,91,1654930,5.5
Idaho,16,2016,124,1683140,7.4
Idaho,16,2017,113,1716943,6.6
Illinois,17,1999,815,12359020,6.6
Illinois,17,2000,827,12419293,6.7
Illinois,17,2001,835,12488445,6.7
Illinois,17,2002,876,12525556,7
Illinois,17,2003,770,12556006,6.1
Illinois,17,2004,910,12589773,7.2
Illinois,17,2005,999,12609903,7.9
Illinois,17,2006,1290,12643955,10.2
Illinois,17,2007,1086,12695866,8.6
Illinois,17,2008,1141,12747038,9
Illinois,17,2009,1141,12796778,8.9
Illinois,17,2010,1102,12830632,8.6
Illinois,17,2011,1133,12869257,8.8
Illinois,17,2012,1386,12875255,10.8
Illinois,17,2013,1295,12882135,10.1
Illinois,17,2014,1405,12880580,10.9
Illinois,17,2015,1581,12859995,12.3
Illinois,17,2016,2172,12801539,17
Illinois,17,2017,2487,12802023,19.4
Indiana,18,1999,71,6044969,1.2
Indiana,18,2000,63,6080485,1
Indiana,18,2001,101,6127760,1.6
Indiana,18,2002,100,6155967,1.6
Indiana,18,2003,173,6196638,2.8
Indiana,18,2004,194,6233007,3.1
Indiana,18,2005,216,6278616,3.4
Indiana,18,2006,242,6332669,3.8
Indiana,18,2007,300,6379599,4.7
Indiana,18,2008,357,6424806,5.6
Indiana,18,2009,366,6459325,5.7
Indiana,18,2010,334,6483802,5.2
Indiana,18,2011,398,6516922,6.1
Indiana,18,2012,422,6537334,6.5
Indiana,18,2013,410,6570902,6.2
Indiana,18,2014,515,6596855,7.8
Indiana,18,2015,590,6619680,8.9
Indiana,18,2016,878,6633053,13.2
Indiana,18,2017,1306,6666818,19.6
Iowa,19,1999,18,2917634,0.62
Iowa,19,2000,31,2926324,1.1
Iowa,19,2001,33,2931997,1.1
Iowa,19,2002,51,2934234,1.7
Iowa,19,2003,54,2941999,1.8
Iowa,19,2004,75,2953635,2.5
Iowa,19,2005,84,2964454,2.8
Iowa,19,2006,118,2982644,4
Iowa,19,2007,127,2999212,4.2
Iowa,19,2008,150,3016734,5
Iowa,19,2009,162,3032870,5.3
Iowa,19,2010,180,3046355,5.9
Iowa,19,2011,185,3062309,6
Iowa,19,2012,191,3074186,6.2
Iowa,19,2013,195,3090416,6.3
Iowa,19,2014,176,3107126,5.7
Iowa,19,2015,192,3123899,6.1
Iowa,19,2016,202,3134693,6.4
Iowa,19,2017,220,3145711,7
Kansas,20,1999,36,2678338,1.3
Kansas,20,2000,44,2688418,1.6
Kansas,20,2001,59,2702162,2.2
Kansas,20,2002,100,2713535,3.7
Kansas,20,2003,103,2723004,3.8
Kansas,20,2004,137,2734373,5
Kansas,20,2005,132,2745299,4.8
Kansas,20,2006,161,2762931,5.8
Kansas,20,2007,157,2783785,5.6
Kansas,20,2008,114,2808076,4.1
Kansas,20,2009,165,2832704,5.8
Kansas,20,2010,125,2853118,4.4
Kansas,20,2011,150,2871238,5.2
Kansas,20,2012,191,2885905,6.6
Kansas,20,2013,184,2893957,6.4
Kansas,20,2014,200,2904021,6.9
Kansas,20,2015,180,2911641,6.2
Kansas,20,2016,173,2907289,6
Kansas,20,2017,180,2913123,6.2
Kentucky,21,1999,73,4018053,1.8
Kentucky,21,2000,106,4041769,2.6
Kentucky,21,2001,167,4068132,4.1
Kentucky,21,2002,204,4089875,5
Kentucky,21,2003,261,4117170,6.3
Kentucky,21,2004,265,4146101,6.4
Kentucky,21,2005,336,4182742,8
Kentucky,21,2006,389,4219239,9.2
Kentucky,21,2007,389,4256672,9.1
Kentucky,21,2008,407,4289878,9.5
Kentucky,21,2009,470,4317074,10.9
Kentucky,21,2010,641,4339367,14.8
Kentucky,21,2011,722,4369356,16.5
Kentucky,21,2012,731,4380415,16.7
Kentucky,21,2013,717,4395295,16.3
Kentucky,21,2014,784,4413457,17.8
Kentucky,21,2015,941,4425092,21.3
Kentucky,21,2016,1055,4436974,23.8
Kentucky,21,2017,1244,4454189,27.9
Louisiana,22,1999,73,4460811,1.6
Louisiana,22,2000,77,4468976,1.7
Louisiana,22,2001,121,4477875,2.7
Louisiana,22,2002,149,4497267,3.3
Louisiana,22,2003,191,4521042,4.2
Louisiana,22,2004,213,4552238,4.7
Louisiana,22,2005,263,4576628,5.7
Louisiana,22,2006,313,4302665,7.3
Louisiana,22,2007,334,4375581,7.6
Louisiana,22,2008,211,4435586,4.8
Louisiana,22,2009,177,4491648,3.9
Louisiana,22,2010,187,4533372,4.1
Louisiana,22,2011,188,4574836,4.1
Louisiana,22,2012,218,4601893,4.7
Louisiana,22,2013,327,4625470,7.1
Louisiana,22,2014,329,4649676,7.1
Louisiana,22,2015,365,4670724,7.8
Louisiana,22,2016,453,4681666,9.7
Louisiana,22,2017,546,4684333,11.7
Maine,23,1999,33,1266808,2.6
Maine,23,2000,42,1274923,3.3
Maine,23,2001,63,1285692,4.9
Maine,23,2002,101,1295960,7.8
Maine,23,2003,97,1306513,7.4
Maine,23,2004,117,1313688,8.9
Maine,23,2005,132,1318787,10
Maine,23,2006,104,1323619,7.9
Maine,23,2007,116,1327040,8.7
Maine,23,2008,110,1330509,8.3
Maine,23,2009,120,1329590,9
Maine,23,2010,93,1328361,7
Maine,23,2011,104,1328188,7.8
Maine,23,2012,113,1329192,8.5
Maine,23,2013,135,1328302,10.2
Maine,23,2014,179,1330089,13.5
Maine,23,2015,251,1329328,18.9
Maine,23,2016,316,1331479,23.7
Maine,23,2017,377,1335907,28.2
Maryland,24,1999,551,5254509,10.5
Maryland,24,2000,539,5296486,10.2
Maryland,24,2001,548,5374691,10.2
Maryland,24,2002,614,5440389,11.3
Maryland,24,2003,641,5496269,11.7
Maryland,24,2004,578,5546935,10.4
Maryland,24,2005,589,5592379,10.5
Maryland,24,2006,674,5627367,12
Maryland,24,2007,687,5653408,12.2
Maryland,24,2008,593,5684965,10.4
Maryland,24,2009,645,5730388,11.3
Maryland,24,2010,566,5773552,9.8
Maryland,24,2011,601,5828289,10.3
Maryland,24,2012,705,5884563,12
Maryland,24,2013,794,5928814,13.4
Maryland,24,2014,959,5976407,16
Maryland,24,2015,1132,6006401,18.8
Maryland,24,2016,1907,6016447,31.7
Maryland,24,2017,2110,6052177,34.9
Massachusetts,25,1999,410,6317345,6.5
Massachusetts,25,2000,395,6349097,6.2
Massachusetts,25,2001,599,6397634,9.4
Massachusetts,25,2002,578,6417206,9
Massachusetts,25,2003,717,6422565,11.2
Massachusetts,25,2004,546,6412281,8.5
Massachusetts,25,2005,666,6403290,10.4
Massachusetts,25,2006,808,6410084,12.6
Massachusetts,25,2007,771,6431559,12
Massachusetts,25,2008,687,6468967,10.6
Massachusetts,25,2009,698,6517613,10.7
Massachusetts,25,2010,652,6547629,10
Massachusetts,25,2011,743,6587536,11.3
Massachusetts,25,2012,758,6646144,11.4
Massachusetts,25,2013,971,6692824,14.5
Massachusetts,25,2014,1206,6745408,17.9
Massachusetts,25,2015,1626,6794422,23.9
Massachusetts,25,2016,2117,6811779,31.1
Massachusetts,25,2017,2042,6859819,29.8
Michigan,26,1999,203,9897116,2.1
Michigan,26,2000,247,9938444,2.5
Michigan,26,2001,275,9991120,2.8
Michigan,26,2002,335,10015710,3.3
Michigan,26,2003,367,10041152,3.7
Michigan,26,2004,492,10055315,4.9
Michigan,26,2005,650,10051137,6.5
Michigan,26,2006,750,10036081,7.5
Michigan,26,2007,623,10001284,6.2
Michigan,26,2008,731,9946889,7.3
Michigan,26,2009,818,9901591,8.3
Michigan,26,2010,800,9883640,8.1
Michigan,26,2011,829,9876187,8.4
Michigan,26,2012,739,9883360,7.5
Michigan,26,2013,991,9895622,10
Michigan,26,2014,1142,9909877,11.5
Michigan,26,2015,1401,9922576,14.1
Michigan,26,2016,1910,9928300,19.2
Michigan,26,2017,2216,9962311,22.2
Minnesota,27,1999,80,4873481,1.6
Minnesota,27,2000,77,4919479,1.6
Minnesota,27,2001,125,4982796,2.5
Minnesota,27,2002,130,5018935,2.6
Minnesota,27,2003,152,5053572,3
Minnesota,27,2004,176,5087713,3.5
Minnesota,27,2005,183,5119598,3.6
Minnesota,27,2006,219,5163555,4.2
Minnesota,27,2007,216,5207203,4.1
Minnesota,27,2008,248,5247018,4.7
Minnesota,27,2009,293,5281203,5.5
Minnesota,27,2010,262,5303925,4.9
Minnesota,27,2011,328,5344861,6.1
Minnesota,27,2012,315,5379139,5.9
Minnesota,27,2013,335,5420380,6.2
Minnesota,27,2014,347,5457173,6.4
Minnesota,27,2015,375,5489594,6.8
Minnesota,27,2016,432,5519952,7.8
Minnesota,27,2017,472,5576606,8.5
Mississippi,28,1999,26,2828408,0.9
Mississippi,28,2000,18,2844658,0.63
Mississippi,28,2001,38,2852994,1.3
Mississippi,28,2002,38,2858681,1.3
Mississippi,28,2003,47,2868312,1.6
Mississippi,28,2004,54,2889010,1.9
Mississippi,28,2005,66,2905943,2.3
Mississippi,28,2006,115,2904978,4
Mississippi,28,2007,114,2928350,3.9
Mississippi,28,2008,116,2947806,3.9
Mississippi,28,2009,123,2958774,4.2
Mississippi,28,2010,121,2967297,4.1
Mississippi,28,2011,100,2978512,3.4
Mississippi,28,2012,121,2984926,4.1
Mississippi,28,2013,113,2991207,3.8
Mississippi,28,2014,126,2994079,4.2
Mississippi,28,2015,175,2992333,5.8
Mississippi,28,2016,201,2988726,6.7
Mississippi,28,2017,211,2984100,7.1
Missouri,29,1999,163,5561948,2.9
Missouri,29,2000,189,5595211,3.4
Missouri,29,2001,190,5641142,3.4
Missouri,29,2002,263,5674825,4.6
Missouri,29,2003,356,5709403,6.2
Missouri,29,2004,361,5747741,6.3
Missouri,29,2005,391,5790300,6.8
Missouri,29,2006,534,5842704,9.1
Missouri,29,2007,507,5887612,8.6
Missouri,29,2008,539,5923916,9.1
Missouri,29,2009,598,5961088,10
Missouri,29,2010,664,5988927,11.1
Missouri,29,2011,653,6010688,10.9
Missouri,29,2012,588,6021988,9.8
Missouri,29,2013,684,6044171,11.3
Missouri,29,2014,757,6063589,12.5
Missouri,29,2015,752,6083672,12.4
Missouri,29,2016,1002,6093000,16.4
Missouri,29,2017,1059,6113532,17.3
Montana,30,1999,16,897507,1.78
Montana,30,2000,13,902195,1.44
Montana,30,2001,22,906961,2.4
Montana,30,2002,23,911667,2.5
Montana,30,2003,47,919630,5.1
Montana,30,2004,47,930009,5.1
Montana,30,2005,49,940102,5.2
Montana,30,2006,55,952692,5.8
Montana,30,2007,65,964706,6.7
Montana,30,2008,70,976415,7.2
Montana,30,2009,96,983982,9.8
Montana,30,2010,56,989415,5.7
Montana,30,2011,64,998199,6.4
Montana,30,2012,53,1005141,5.3
Montana,30,2013,68,1015165,6.7
Montana,30,2014,54,1023579,5.3
Montana,30,2015,49,1032949,4.7
Montana,30,2016,44,1042520,4.2
Montana,30,2017,39,1050493,3.7
Nebraska,31,1999,10,1704764,0.59
Nebraska,31,2000,20,1711263,1.2
Nebraska,31,2001,37,1719836,2.2
Nebraska,31,2002,30,1728292,1.7
Nebraska,31,2003,19,1738643,1.09
Nebraska,31,2004,31,1749370,1.8
Nebraska,31,2005,45,1761497,2.6
Nebraska,31,2006,43,1772693,2.4
Nebraska,31,2007,42,1783440,2.4
Nebraska,31,2008,34,1796378,1.9
Nebraska,31,2009,69,1812683,3.8
Nebraska,31,2010,62,1826341,3.4
Nebraska,31,2011,59,1842641,3.2
Nebraska,31,2012,65,1855525,3.5
Nebraska,31,2013,45,1868516,2.4
Nebraska,31,2014,62,1881503,3.3
Nebraska,31,2015,64,1896190,3.4
Nebraska,31,2016,54,1907116,2.8
Nebraska,31,2017,62,1920076,3.2
Nevada,32,1999,185,1934718,9.6
Nevada,32,2000,243,1998257,12.2
Nevada,32,2001,227,2098399,10.8
Nevada,32,2002,295,2173791,13.6
Nevada,32,2003,339,2248850,15.1
Nevada,32,2004,361,2346222,15.4
Nevada,32,2005,419,2432143,17.2
Nevada,32,2006,426,2522658,16.9
Nevada,32,2007,460,2601072,17.7
Nevada,32,2008,477,2653630,18
Nevada,32,2009,517,2684665,19.3
Nevada,32,2010,547,2700551,20.3
Nevada,32,2011,562,2723322,20.6
Nevada,32,2012,517,2758931,18.7
Nevada,32,2013,478,2790136,17.1
Nevada,32,2014,434,2839099,15.3
Nevada,32,2015,507,2890845,17.5
Nevada,32,2016,484,2940058,16.5
Nevada,32,2017,473,2998039,15.8
New Hampshire,33,1999,45,1222014,3.7
New Hampshire,33,2000,32,1235786,2.6
New Hampshire,33,2001,57,1255517,4.5
New Hampshire,33,2002,90,1269089,7.1
New Hampshire,33,2003,106,1279840,8.3
New Hampshire,33,2004,106,1290121,8.2
New Hampshire,33,2005,119,1298492,9.2
New Hampshire,33,2006,128,1308389,9.8
New Hampshire,33,2007,158,1312540,12
New Hampshire,33,2008,102,1315906,7.8
New Hampshire,33,2009,133,1316102,10.1
New Hampshire,33,2010,127,1316470,9.6
New Hampshire,33,2011,164,1318194,12.4
New Hampshire,33,2012,140,1320718,10.6
New Hampshire,33,2013,171,1323459,12.9
New Hampshire,33,2014,309,1326813,23.3
New Hampshire,33,2015,392,1330608,29.5
New Hampshire,33,2016,460,1334795,34.5
New Hampshire,33,2017,441,1342795,32.8
New Jersey,34,1999,401,8359592,4.8
New Jersey,34,2000,421,8414350,5
New Jersey,34,2001,479,8492671,5.6
New Jersey,34,2002,586,8552643,6.9
New Jersey,34,2003,546,8601402,6.3
New Jersey,34,2004,409,8634561,4.7
New Jersey,34,2005,598,8651974,6.9
New Jersey,34,2006,467,8661679,5.4
New Jersey,34,2007,424,8677885,4.9
New Jersey,34,2008,407,8711090,4.7
New Jersey,34,2009,68,8755602,0.8
New Jersey,34,2010,458,8791894,5.2
New Jersey,34,2011,537,8821155,6.1
New Jersey,34,2012,703,8864590,7.9
New Jersey,34,2013,789,8899339,8.9
New Jersey,34,2014,814,8938175,9.1
New Jersey,34,2015,940,8958013,10.5
New Jersey,34,2016,1555,8944469,17.4
New Jersey,34,2017,2107,9005644,23.4
New Mexico,35,1999,229,1808082,12.7
New Mexico,35,2000,216,1819046,11.9
New Mexico,35,2001,186,1831690,10.2
New Mexico,35,2002,252,1855309,13.6
New Mexico,35,2003,283,1877574,15.1
New Mexico,35,2004,238,1903808,12.5
New Mexico,35,2005,276,1932274,14.3
New Mexico,35,2006,313,1962137,16
New Mexico,35,2007,329,1990070,16.5
New Mexico,35,2008,380,2010662,18.9
New Mexico,35,2009,242,2036802,11.9
New Mexico,35,2010,231,2059179,11.2
New Mexico,35,2011,280,2082224,13.4
New Mexico,35,2012,365,2085538,17.5
New Mexico,35,2013,377,2085287,18.1
New Mexico,35,2014,453,2085572,21.7
New Mexico,35,2015,400,2085109,19.2
New Mexico,35,2016,395,2081015,19
New Mexico,35,2017,388,2088070,18.6
New York,36,1999,862,18882725,4.6
New York,36,2000,675,18976457,3.6
New York,36,2001,905,19082838,4.7
New York,36,2002,776,19137800,4.1
New York,36,2003,847,19175939,4.4
New York,36,2004,745,19171567,3.9
New York,36,2005,803,19132610,4.2
New York,36,2006,1431,19104631,7.5
New York,36,2007,1399,19132335,7.3
New York,36,2008,1408,19212436,7.3
New York,36,2009,1334,19307066,6.9
New York,36,2010,1333,19378102,6.9
New York,36,2011,1654,19465197,8.5
New York,36,2012,1789,19570261,9.1
New York,36,2013,1971,19651127,10
New York,36,2014,2001,19746227,10.1
New York,36,2015,2452,19795791,12.4
New York,36,2016,3386,19745289,17.1
New York,36,2017,3663,19849399,18.5
North Carolina,37,1999,224,7949361,2.8
North Carolina,37,2000,364,8049313,4.5
North Carolina,37,2001,416,8210122,5.1
North Carolina,37,2002,503,8326201,6
North Carolina,37,2003,630,8422501,7.5
North Carolina,37,2004,700,8553152,8.2
North Carolina,37,2005,849,8705407,9.8
North Carolina,37,2006,932,8917270,10.5
North Carolina,37,2007,908,9118037,10
North Carolina,37,2008,962,9309449,10.3
North Carolina,37,2009,975,9449566,10.3
North Carolina,37,2010,875,9535483,9.2
North Carolina,37,2011,930,9656401,9.6
North Carolina,37,2012,951,9752073,9.8
North Carolina,37,2013,941,9848060,9.6
North Carolina,37,2014,1091,9943964,11
North Carolina,37,2015,1320,10042802,13.1
North Carolina,37,2016,1738,10146788,17.1
North Carolina,37,2017,2173,10273419,21.2
North Dakota,38,1999,0,0,0
North Dakota,38,2000,0,0,0
North Dakota,38,2001,0,0,0
North Dakota,38,2002,14,638168,2.19
North Dakota,38,2003,11,638817,1.72
North Dakota,38,2004,15,644705,2.33
North Dakota,38,2005,0,0,0
North Dakota,38,2006,0,0,0
North Dakota,38,2007,17,652822,2.6
North Dakota,38,2008,32,657569,4.9
North Dakota,38,2009,18,664968,2.71
North Dakota,38,2010,18,672591,2.68
North Dakota,38,2011,10,683932,1.46
North Dakota,38,2012,0,0,0
North Dakota,38,2013,16,723393,2.21
North Dakota,38,2014,35,739482,4.7
North Dakota,38,2015,36,756927,4.8
North Dakota,38,2016,55,757952,7.3
North Dakota,38,2017,39,755393,5.2
Ohio,39,1999,258,11335454,2.3
Ohio,39,2000,348,11353140,3.1
Ohio,39,2001,450,11387404,4
Ohio,39,2002,577,11407889,5.1
Ohio,39,2003,508,11434788,4.4
Ohio,39,2004,750,11452251,6.5
Ohio,39,2005,784,11463320,6.8
Ohio,39,2006,959,11481213,8.4
Ohio,39,2007,982,11500468,8.5
Ohio,39,2008,1041,11515391,9
Ohio,39,2009,843,11528896,7.3
Ohio,39,2010,1339,11536504,11.6
Ohio,39,2011,1484,11544951,12.9
Ohio,39,2012,1566,11544225,13.6
Ohio,39,2013,1857,11570808,16
Ohio,39,2014,2331,11594163,20.1
Ohio,39,2015,2932,11613423,25.2
Ohio,39,2016,3968,11614373,34.2
Ohio,39,2017,4729,11658609,40.6
Oklahoma,40,1999,105,3437147,3.1
Oklahoma,40,2000,151,3450654,4.4
Oklahoma,40,2001,193,3467100,5.6
Oklahoma,40,2002,177,3489080,5.1
Oklahoma,40,2003,292,3504892,8.3
Oklahoma,40,2004,366,3525233,10.4
Oklahoma,40,2005,349,3548597,9.8
Oklahoma,40,2006,429,3594090,11.9
Oklahoma,40,2007,547,3634349,15.1
Oklahoma,40,2008,442,3668976,12
Oklahoma,40,2009,603,3717572,16.2
Oklahoma,40,2010,546,3751351,14.6
Oklahoma,40,2011,522,3791508,13.8
Oklahoma,40,2012,569,3814820,14.9
Oklahoma,40,2013,542,3850568,14.1
Oklahoma,40,2014,519,3878051,13.4
Oklahoma,40,2015,474,3911338,12.1
Oklahoma,40,2016,477,3923561,12.2
Oklahoma,40,2017,439,3930864,11.2
Oregon,41,1999,214,3393941,6.3
Oregon,41,2000,191,3421399,5.6
Oregon,41,2001,206,3467937,5.9
Oregon,41,2002,263,3513424,7.5
Oregon,41,2003,275,3547376,7.8
Oregon,41,2004,293,3569463,8.2
Oregon,41,2005,338,3613202,9.4
Oregon,41,2006,413,3670883,11.3
Oregon,41,2007,386,3722417,10.4
Oregon,41,2008,356,3768748,9.4
Oregon,41,2009,389,3808600,10.2
Oregon,41,2010,353,3831074,9.2
Oregon,41,2011,411,3871859,10.6
Oregon,41,2012,380,3899353,9.7
Oregon,41,2013,317,3930065,8.1
Oregon,41,2014,358,3970239,9
Oregon,41,2015,350,4028977,8.7
Oregon,41,2016,332,4093465,8.1
Oregon,41,2017,364,4142776,8.8
Pennsylvania,42,1999,409,12263805,3.3
Pennsylvania,42,2000,412,12281054,3.4
Pennsylvania,42,2001,318,12298970,2.6
Pennsylvania,42,2002,450,12331031,3.6
Pennsylvania,42,2003,569,12374658,4.6
Pennsylvania,42,2004,591,12410722,4.8
Pennsylvania,42,2005,635,12449990,5.1
Pennsylvania,42,2006,554,12510809,4.4
Pennsylvania,42,2007,614,12563937,4.9
Pennsylvania,42,2008,751,12612285,6
Pennsylvania,42,2009,752,12666858,5.9
Pennsylvania,42,2010,755,12702379,5.9
Pennsylvania,42,2011,880,12742886,6.9
Pennsylvania,42,2012,942,12763536,7.4
Pennsylvania,42,2013,1054,12773801,8.3
Pennsylvania,42,2014,1212,12787209,9.5
Pennsylvania,42,2015,1481,12802503,11.6
Pennsylvania,42,2016,2390,12784227,18.7
Pennsylvania,42,2017,2738,12805537,21.4
Rhode Island,44,1999,47,1040402,4.5
Rhode Island,44,2000,72,1048319,6.9
Rhode Island,44,2001,100,1057142,9.5
Rhode Island,44,2002,94,1065995,8.8
Rhode Island,44,2003,129,1071342,12
Rhode Island,44,2004,92,1074579,8.6
Rhode Island,44,2005,154,1067916,14.4
Rhode Island,44,2006,165,1063096,15.5
Rhode Island,44,2007,104,1057315,9.8
Rhode Island,44,2008,147,1055003,13.9
Rhode Island,44,2009,134,1053646,12.7
Rhode Island,44,2010,132,1052567,12.5
Rhode Island,44,2011,161,1051302,15.3
Rhode Island,44,2012,166,1050292,15.8
Rhode Island,44,2013,220,1051511,20.9
Rhode Island,44,2014,224,1055173,21.2
Rhode Island,44,2015,276,1056298,26.1
Rhode Island,44,2016,308,1056426,29.2
Rhode Island,44,2017,303,1059639,28.6
South Carolina,45,1999,76,3974682,1.9
South Carolina,45,2000,132,4012012,3.3
South Carolina,45,2001,129,4064995,3.2
South Carolina,45,2002,121,4107795,2.9
South Carolina,45,2003,156,4150297,3.8
South Carolina,45,2004,188,4210921,4.5
South Carolina,45,2005,229,4270150,5.4
South Carolina,45,2006,330,4357847,7.6
South Carolina,45,2007,292,4444110,6.6
South Carolina,45,2008,304,4528996,6.7
South Carolina,45,2009,306,4589872,6.7
South Carolina,45,2010,329,4625364,7.1
South Carolina,45,2011,298,4679230,6.4
South Carolina,45,2012,281,4723723,5.9
South Carolina,45,2013,287,4774839,6
South Carolina,45,2014,564,4832482,11.7
South Carolina,45,2015,632,4896146,12.9
South Carolina,45,2016,727,4961119,14.7
South Carolina,45,2017,865,5024369,17.2
South Dakota,46,1999,0,0,0
South Dakota,46,2000,0,0,0
South Dakota,46,2001,11,757972,1.45
South Dakota,46,2002,13,760020,1.71
South Dakota,46,2003,10,763729,1.31
South Dakota,46,2004,23,770396,3
South Dakota,46,2005,24,775493,3.1
South Dakota,46,2006,24,783033,3.1
South Dakota,46,2007,24,791623,3
South Dakota,46,2008,35,799124,4.4
South Dakota,46,2009,35,807067,4.3
South Dakota,46,2010,33,814180,4.1
South Dakota,46,2011,37,824082,4.5
South Dakota,46,2012,26,833354,3.1
South Dakota,46,2013,35,844877,4.1
South Dakota,46,2014,33,853175,3.9
South Dakota,46,2015,28,858469,3.3
South Dakota,46,2016,44,865454,5.1
South Dakota,46,2017,37,869666,4.3
Tennessee,47,1999,154,5638706,2.7
Tennessee,47,2000,155,5689283,2.7
Tennessee,47,2001,201,5750789,3.5
Tennessee,47,2002,259,5795918,4.5
Tennessee,47,2003,403,5847812,6.9
Tennessee,47,2004,522,5910809,8.8
Tennessee,47,2005,611,5991057,10.2
Tennessee,47,2006,654,6088766,10.7
Tennessee,47,2007,650,6175727,10.5
Tennessee,47,2008,594,6247411,9.5
Tennessee,47,2009,642,6306019,10.2
Tennessee,47,2010,746,6346105,11.8
Tennessee,47,2011,750,6403353,11.7
Tennessee,47,2012,814,6456243,12.6
Tennessee,47,2013,862,6495978,13.3
Tennessee,47,2014,957,6549352,14.6
Tennessee,47,2015,1161,6600299,17.6
Tennessee,47,2016,1353,6651194,20.3
Tennessee,47,2017,1436,6715984,21.4
Texas,48,1999,629,20558220,3.1
Texas,48,2000,691,20851820,3.3
Texas,48,2001,880,21319622,4.1
Texas,48,2002,1101,21690325,5.1
Texas,48,2003,1228,22030931,5.6
Texas,48,2004,1275,22394023,5.7
Texas,48,2005,1342,22778123,5.9
Texas,48,2006,1683,23359580,7.2
Texas,48,2007,1534,23831983,6.4
Texas,48,2008,1338,24309039,5.5
Texas,48,2009,1545,24801761,6.2
Texas,48,2010,1497,25145561,6
Texas,48,2011,1591,25674681,6.2
Texas,48,2012,1528,26059203,5.9
Texas,48,2013,1462,26448193,5.5
Texas,48,2014,1579,26956958,5.9
Texas,48,2015,1777,27469114,6.5
Texas,48,2016,1931,27862596,6.9
Texas,48,2017,2107,28304596,7.4
Utah,49,1999,169,2203482,7.7
Utah,49,2000,174,2233169,7.8
Utah,49,2001,178,2283715,7.8
Utah,49,2002,229,2324815,9.9
Utah,49,2003,292,2360137,12.4
Utah,49,2004,299,2401580,12.5
Utah,49,2005,368,2457719,15
Utah,49,2006,363,2525507,14.4
Utah,49,2007,402,2597746,15.5
Utah,49,2008,387,2663029,14.5
Utah,49,2009,409,2723421,15
Utah,49,2010,361,2763885,13.1
Utah,49,2011,403,2817222,14.3
Utah,49,2012,458,2855287,16
Utah,49,2013,453,2900872,15.6
Utah,49,2014,480,2942902,16.3
Utah,49,2015,475,2995919,15.9
Utah,49,2016,493,3051217,16.2
Utah,49,2017,480,3101833,15.5
Vermont,50,1999,19,604683,3.14
Vermont,50,2000,26,608827,4.3
Vermont,50,2001,42,612223,6.9
Vermont,50,2002,48,615442,7.8
Vermont,50,2003,51,617858,8.3
Vermont,50,2004,44,619920,7.1
Vermont,50,2005,50,621215,8
Vermont,50,2006,66,622892,10.6
Vermont,50,2007,59,623481,9.5
Vermont,50,2008,63,624151,10.1
Vermont,50,2009,48,624817,7.7
Vermont,50,2010,45,625741,7.2
Vermont,50,2011,66,626431,10.5
Vermont,50,2012,57,626011,9.1
Vermont,50,2013,77,626630,12.3
Vermont,50,2014,76,626562,12.1
Vermont,50,2015,89,626042,14.2
Vermont,50,2016,109,624594,17.5
Vermont,50,2017,124,623657,19.9
Virginia,51,1999,249,7000174,3.6
Virginia,51,2000,304,7078515,4.3
Virginia,51,2001,373,7198362,5.2
Virginia,51,2002,416,7286873,5.7
Virginia,51,2003,432,7366977,5.9
Virginia,51,2004,475,7475575,6.4
Virginia,51,2005,473,7577105,6.2
Virginia,51,2006,524,7673725,6.8
Virginia,51,2007,593,7751000,7.7
Virginia,51,2008,551,7833496,7
Virginia,51,2009,521,7925937,6.6
Virginia,51,2010,439,8001024,5.5
Virginia,51,2011,635,8096604,7.8
Virginia,51,2012,577,8185867,7
Virginia,51,2013,692,8260405,8.4
Virginia,51,2014,819,8326289,9.8
Virginia,51,2015,887,8382993,10.6
Virginia,51,2016,1209,8411808,14.4
Virginia,51,2017,1331,8470020,15.7
Washington,53,1999,411,5842564,7
Washington,53,2000,436,5894121,7.4
Washington,53,2001,370,5985722,6.2
Washington,53,2002,527,6052349,8.7
Washington,53,2003,555,6104115,9.1
Washington,53,2004,674,6178645,10.9
Washington,53,2005,706,6257305,11.3
Washington,53,2006,780,6370753,12.2
Washington,53,2007,743,6461587,11.5
Washington,53,2008,763,6562231,11.6
Washington,53,2009,785,6667426,11.8
Washington,53,2010,680,6724540,10.1
Washington,53,2011,750,6830038,11
Washington,53,2012,748,6897012,10.8
Washington,53,2013,712,6971406,10.2
Washington,53,2014,718,7061530,10.2
Washington,53,2015,756,7170351,10.5
Washington,53,2016,771,7288000,10.6
Washington,53,2017,816,7405743,11
West Virginia,54,1999,39,1811799,2.2
West Virginia,54,2000,58,1808344,3.2
West Virginia,54,2001,158,1801481,8.8
West Virginia,54,2002,192,1805414,10.6
West Virginia,54,2003,233,1812295,12.9
West Virginia,54,2004,291,1816438,16
West Virginia,54,2005,167,1820492,9.2
West Virginia,54,2006,332,1827912,18.2
West Virginia,54,2007,370,1834052,20.2
West Virginia,54,2008,403,1840310,21.9
West Virginia,54,2009,205,1847775,11.1
West Virginia,54,2010,514,1852994,27.7
West Virginia,54,2011,621,1855364,33.5
West Virginia,54,2012,534,1855413,28.8
West Virginia,54,2013,548,1854304,29.6
West Virginia,54,2014,597,1850326,32.3
West Virginia,54,2015,684,1844128,37.1
West Virginia,54,2016,808,1831102,44.1
West Virginia,54,2017,899,1815857,49.5
Wisconsin,55,1999,130,5332666,2.4
Wisconsin,55,2000,154,5363675,2.9
Wisconsin,55,2001,179,5406835,3.3
Wisconsin,55,2002,217,5445162,4
Wisconsin,55,2003,267,5479203,4.9
Wisconsin,55,2004,299,5514026,5.4
Wisconsin,55,2005,373,5546166,6.7
Wisconsin,55,2006,444,5577655,8
Wisconsin,55,2007,476,5610775,8.5
Wisconsin,55,2008,433,5640996,7.7
Wisconsin,55,2009,450,5669264,7.9
Wisconsin,55,2010,465,5686986,8.2
Wisconsin,55,2011,529,5711767,9.3
Wisconsin,55,2012,524,5726398,9.2
Wisconsin,55,2013,647,5742713,11.3
Wisconsin,55,2014,677,5757564,11.8
Wisconsin,55,2015,668,5771337,11.6
Wisconsin,55,2016,916,5778708,15.9
Wisconsin,55,2017,1019,5795483,17.6
Wyoming,56,1999,0,0,0
Wyoming,56,2000,10,493782,2.03
Wyoming,56,2001,0,0,0
Wyoming,56,2002,19,500017,3.8
Wyoming,56,2003,0,0,0
Wyoming,56,2004,17,509106,3.34
Wyoming,56,2005,11,514157,2.14
Wyoming,56,2006,16,522667,3.06
Wyoming,56,2007,30,534876,5.6
Wyoming,56,2008,51,546043,9.3
Wyoming,56,2009,36,559851,6.4
Wyoming,56,2010,50,563626,8.9
Wyoming,56,2011,48,568158,8.4
Wyoming,56,2012,47,576412,8.2
Wyoming,56,2013,54,582658,9.3
Wyoming,56,2014,57,584153,9.8
Wyoming,56,2015,48,586107,8.2
Wyoming,56,2016,53,585501,9.1
Wyoming,56,2017,51,579315,8.8